Name;InvariantName
Елена;Елена
Elena;Елена
Лена;Елена
Леночка;Елена
Lena;Елена
Ленчик;Елена
Elen;Елена
Ленка;Елена
Ильинская;Елена
Helen;Елена
Еленка;Елена
Lenochka;Елена
Yelena;Елена
Дарья;Дарья
Daria;Дарья
Даша;Дарья
Дария;Дарья
Дашка;Дарья
Дашуля;Дарья
Dariana;Дарья
Дашенька;Дарья
Darya;Дарья
Dasha;Дарья
Дарина;Дарья
Дашунька;Дарья
Darina;Дарья
Дашуня;Дарья
Женя;Евгения
Евгения;Евгения
Evgenia;Евгения
Evgeniya;Евгения
Женечка;Евгения
Евгеша;Евгения
Женька;Евгения
Jenia;Евгения
Zhenya;Евгения
Eugenia;Евгения
Evgeni;Евгения
Ivan;Иван
Иван;Иван
Ваня;Иван
Vanya;Иван
Иван-Петров;Иван
Ванька;Иван
Van;Иван
Иоанна;Иван
Семенов;Иван
Королев;Иван
Анна;Анна
Anna;Анна
Аннушка;Анна
Аня;Анна
Анюточка;Анна
Anny;Анна
Anya;Анна
Annette;Анна
Анита;Анна
Anuta;Анна
Ани;Анна
Анюта;Анна
Анечка;Анна
Ann;Анна
Анютка;Анна
Anni;Анна
Annie;Анна
Anechka;Анна
Нюська;Анна
Nyusha;Анна
Анка;Анна
Anutik;Анна
Ania;Анна
Нюта;Анна
Аннет;Анна
Анна-Мария;Анна
Анька;Анна
Аника;Анна
Ирина;Ирина
Ира;Ирина
Irina;Ирина
Irisha;Ирина
Нина;Ирина
Irene;Ирина
Rina;Ирина
Иришка;Ирина
Ira;Ирина
Ириночка;Ирина
Ириша;Ирина
Ирка;Ирина
Ирочка;Ирина
Настя;Анастасия
Anastasia;Анастасия
Анастасия;Анастасия
Настасья;Анастасия
Nastenka;Анастасия
Ася;Анастасия
Nastya;Анастасия
Anastasiya;Анастасия
Настюшка;Анастасия
Настенька;Анастасия
Nastia;Анастасия
Anastasya;Анастасия
Настюша;Анастасия
Asya;Анастасия
Nasti;Анастасия
Настена;Анастасия
Nastasia;Анастасия
Аська;Анастасия
Настасия;Анастасия
Пономарева;Анастасия
Stacy;Анастасия
Anastasija;Анастасия
Anastasiia;Анастасия
Asia;Анастасия
Настюха;Анастасия
Владимир;Владимир
Vladimir;Владимир
Володя;Владимир
Вова;Владимир
Вальдемар;Владимир
Vova;Владимир
Диана;Диана
Diana;Диана
Дианочка;Диана
Дианчик;Диана
Дианка;Диана
Dianna;Диана
Дианна;Диана
Юра;Юрий
Юрий;Юрий
Yuri;Юрий
Юрик;Юрий
Yura;Юрий
Юрка;Юрий
Сергей;Сергей
Sergey;Сергей
Серёжа;Сергей
Сережа;Сергей
Serega;Сергей
Серега;Сергей
Sergei;Сергей
Алифер;Сергей
Серик;Сергей
Серж;Сергей
Serejka;Сергей
Али;Али
Павел;Али
Зэна;Али
Артем;Артем
Артём;Артем
Артемий;Артем
Тёма;Артем
Темыч;Артем
Artem;Артем
Тема;Артем
Тьома;Артем
Кембел;Артем
Tema;Артем
Artyom;Артем
Русских;Артем
Кадыр;Кадыр
Георгий;Георгий
Евгений;Евгений
Женёк;Евгений
Eugen;Евгений
Жека;Евгений
Jeka;Евгений
Evgeniy;Евгений
Zheka;Евгений
Евген;Евгений
Євген;Евгений
Yevgeniy;Евгений
Evgeny;Евгений
Eugene;Евгений
Женек;Евгений
Ковальчук;Евгений
Селезнёв;Евгений
Evgenii;Евгений
Гоша;Георгий
Gosha;Георгий
Georg;Георгий
Гера;Георгий
Giorgi;Георгий
George;Георгий
Georgiy;Георгий
Жора;Георгий
Georgy;Георгий
Jora;Георгий
Georgi;Георгий
Михаил;Михаил
Миша;Михаил
Михайло;Михаил
Михаэль;Михаил
Misha;Михаил
Michael;Михаил
Микаил;Михаил
Miha;Михаил
Микаел;Михаил
Мишка;Михаил
Mikhail;Михаил
Mihail;Михаил
Mishania;Михаил
Микаэль;Михаил
Миха;Михаил
Mikael;Михаил
Татьяна;Татьяна
Tatiana;Татьяна
Таня;Татьяна
Танюша;Татьяна
Танечка;Татьяна
Tanya;Татьяна
Танюшка;Татьяна
Tatyana;Татьяна
Tany;Татьяна
Tania;Татьяна
Tatka;Татьяна
Степан;Степан
Стёпа;Степан
Stephan;Степан
Татьянка;Татьяна
Stepan;Степан
Stefan;Степан
Степа;Степан
Татиана;Татьяна
Filip;Филипп
Филипп;Филипп
Philipp;Филипп
Фил;Филипп
Филип;Филипп
Филя;Филипп
Philip;Филипп
Filipp;Филипп
Филлип;Филипп
Ярослав;Ярослав
Слава;Ярослав
Ярик;Ярослав
Slava;Ярослав
Slavik;Ярослав
Yaroslav;Ярослав
Yarik;Ярослав
Рябцев;Ярослав
Ruslan;Руслан
Руслан;Руслан
Rus;Руслан
Никита;Никита
Nikita;Никита
Ник;Никита
Nekit;Никита
Микита;Никита
Некит;Никита
Никитка;Никита
Nik;Никита
Агеев;Никита
Некита;Никита
Игорь;Игорь
Гарик;Игорь
Igor;Игорь
Igoryan;Игорь
Garik;Игорь
Gor;Игорь
Igorek;Игорь
Игор;Игорь
Илья;Илья
Ilya;Илья
Илюха;Илья
Ilia;Илья
Ilja;Илья
Александр;Александр
Alex;Александр
Alexandr;Александр
Саша;Александр
Sasha;Александр
Alexander;Александр
Саня;Александр
Алекс;Александр
Олександр;Александр
Макреев;Александр
Aleksandr;Александр
Aleks;Александр
Санёк;Александр
Александер;Александр
Сашка;Александр
Шурик;Александр
Alexandre;Александр
Шамиль;Шамиль
Екатерина;Екатерина
Kate;Екатерина
Катерина;Екатерина
Катя;Екатерина
Катюша;Екатерина
Katya;Екатерина
Ekaterina;Екатерина
Рина;Екатерина
Katusha;Екатерина
Katerina;Екатерина
Katherine;Екатерина
Буртная;Екатерина
Катрин;Екатерина
Катюшка;Екатерина
Катька;Екатерина
Александра-Екатерина;Екатерина
Katyushka;Екатерина
Катарина;Екатерина
Дмитрий;Дмитрий
Дима;Дмитрий
Митя;Дмитрий
Keti;Екатерина
Димон;Дмитрий
Dmitry;Дмитрий
Dima;Дмитрий
Димитрий;Дмитрий
Dimon;Дмитрий
Диман;Дмитрий
Dimas;Дмитрий
Катрина;Екатерина
Katrinka;Екатерина
Катеринка;Екатерина
Dimka;Дмитрий
Dmitriy;Дмитрий
Катюффка;Екатерина
Viktoriia;Виктория
Viktoria;Виктория
Виктория;Виктория
Вика;Виктория
Viktoriya;Виктория
Victoria;Виктория
Кэтрин;Екатерина
Митяй;Дмитрий
Katty;Екатерина
Викулька;Виктория
Викуся;Виктория
Демон;Дмитрий
Виктория-Равиль;Виктория
Миронов;Дмитрий
Vika;Виктория
Mitya;Дмитрий
Дмитро;Дмитрий
Dmitri;Дмитрий
Сергеев;Дмитрий
Victory;Виктория
Викторина;Виктория
Вики;Виктория
Валерия;Валерия
Лера;Валерия
Valeriya;Валерия
Valerie;Валерия
Valeria;Валерия
Lerochka;Валерия
Lera;Валерия
Лерка;Валерия
Lerika;Валерия
Лерочка;Валерия
Лерчик;Валерия
Лерика;Валерия
Roman;Роман
Роман;Роман
Рома;Роман
Roma;Роман
Ромка;Роман
Leonid;Леонид
Леонид;Леонид
Лёня;Леонид
Олеся;Олеся
Алеся;Олеся
Olesya;Олеся
Леся;Олеся
Olesia;Олеся
Lesya;Олеся
Леська;Олеся
Lesia;Олеся
Арман;Арман
Аскар;Арман
Соня;Софья
София;Софья
Sofia;Софья
Софья;Софья
Ну;Софья
Sophia;Софья
Sona;Софья
Sofya;Софья
Софа;Софья
Сонечка;Софья
Sonya;Софья
Софи;Софья
Sophie;Софья
Софка;Софья
Sofiya;Софья
Сафия;Софья
Sonia;Софья
Андрей;Андрей
Andrey;Андрей
Andrew;Андрей
Andre;Андрей
Andrej;Андрей
Андре;Андрей
Andy;Андрей
Анджей;Андрей
Andrei;Андрей
Энди;Андрей
Andrea;Андрей
Лариса;Лариса
Лара;Лариса
Larisa;Лариса
Andreas;Андрей
Лора;Лариса
Lara;Лариса
Андр;Андрей
Эндрю;Андрей
Галина;Галина
Галя;Галина
Galinka;Галина
Galya;Галина
Galina;Галина
Александра;Александра
Аля;Александра
Aleksandra;Александра
Сашулька;Александра
Alya;Александра
Alexandra;Александра
Сашенька;Александра
Нетунаева;Александра
Санечка;Александра
Дилара;Дилара
Алекса;Александра
Эльза;Эльза
Светка;Светлана
Света;Светлана
Светлана;Светлана
Sveta;Светлана
Svetlana;Светлана
Светик;Светлана
Мария;Мария
Мери;Мария
Маша;Мария
Maria;Мария
Mary;Мария
Masha;Мария
Marusya;Мария
Мари;Мария
Мария Маргарита;Мария
Марья;Мария
Маруся;Мария
Егор;Егор
Машенька;Мария
Egor;Егор
Yegor;Егор
Мэри;Мария
Денис;Денис
Mariia;Мария
Mari;Мария
Пашенцев;Егор
Mariya;Мария
Егор-И-Полина;Егор
Ден;Денис
Маруська;Мария
Платонов;Денис
Маня;Мария
Mashka;Мария
Marisha;Мария
Машка;Мария
Максим;Максим
Максимка;Максим
Макс;Максим
Maxim;Максим
Максимилиан;Максим
Max;Максим
Marie;Мария
Дени;Денис
Maksim;Максим
Машуся;Мария
Яна-Мария;Мария
Maks;Максим
Marya;Мария
Den;Денис
Антон;Антон
Anton;Антон
Tony;Антон
Антоний;Антон
Tosha;Антон
Тоха;Антон
Тоша;Антон
Antonio;Антон
Denis;Денис
Дэн;Денис
Дэнис;Денис
Камила;Камила
Kamilla;Камила
Камиля;Камила
Kamila;Камила
Камилла;Камила
Camila;Камила
Даниил;Даниил
Даня;Даниил
Danil;Даниил
Данила;Даниил
Данил;Даниил
Daniel;Даниил
Даник;Даниил
Danek;Даниил
Даниэль;Даниил
Даниель;Даниил
Daniil;Даниил
Danila;Даниил
Danial;Даниил
Даниял;Даниил
Данька;Даниил
Grisha;Григорий
Гриша;Григорий
Григорий;Григорий
Gregory;Григорий
Deniska;Денис
Danya;Даниил
Grigory;Григорий
Ника;Вероника
Вероника;Вероника
Veronika;Вероника
Nika;Вероника
Veronica;Вероника
Вераника;Вероника
Алексей;Алексей
Alexey;Алексей
Леша;Алексей
Олексій;Алексей
Veronichka;Вероника
Лёша;Алексей
Aleksey;Алексей
Леха;Алексей
Алексий;Алексей
Лешка;Алексей
Lesha;Алексей
Alexei;Алексей
Lex;Алексей
Лёха;Алексей
Ольга-И-Алексей;Алексей
Aleksei;Алексей
Алексеенко;Алексей
Алеша;Алексей
Глеб;Глеб
Gleb;Глеб
Котлярский;Глеб
Оксана;Оксана
Ксения;Оксана
Oksana;Оксана
Kseniya;Оксана
Ksenya;Оксана
Ксюша;Оксана
Аксинья;Оксана
Ксюшка;Оксана
Ksenia;Оксана
Ксю;Оксана
Ксеня;Оксана
Ksyusha;Оксана
Ksusha;Оксана
Ксюха;Оксана
Ксенька;Оксана
Xenia;Оксана
Аксана;Оксана
Ксеничка;Оксана
Deni;Денис
Паша;Павел
Pavel;Павел
Pasha;Павел
Пашка;Павел
Pavlik;Павел
Яковлев;Павел
Павло;Павел
Uliya;Юлия
Юлия;Юлия
Юля;Юлия
Julia;Юлия
Julie;Юлия
Uliana;Юлия
Юлька;Юлия
Yulia;Юлия
July;Юлия
Juliya;Юлия
Юлечка;Юлия
Юсик;Юлия
Юлиана;Юлия
Юлианна;Юлия
Юленька;Юлия
Yuliya;Юлия
Джулия;Юлия
Juliana;Юлия
Олег;Олег
Oleg;Олег
Yuliana;Юлия
Julja;Юлия
Yulya;Юлия
Juliette;Юлия
Юляшка;Юлия
Dennis;Денис
Альберт;Альберт
Алик;Альберт
Alberto;Альберт
Альберто;Альберт
Динис;Денис
Деннис;Денис
Денчик;Денис
Renata;Рената
Рената;Рената
Ренатка;Рената
Рената Мария;Рената
Андрес;Андрес
Сёмен;Семен
Семён;Семен
Семен;Семен
Semen;Семен
Леон;Леон
Владислав;Владислав
Влад;Владислав
Vlad;Владислав
Славик;Владислав
Vladislav;Владислав
Владик;Владислав
Алина;Алина
Alina;Алина
Алечка;Алина
Alika;Алина
Цветкова;Алина
Alisha;Алина
Алинка;Алина
Романова;Алина
Alia;Алина
Виктор;Виктор
Витя;Виктор
Viktor;Виктор
Victor;Виктор
Витек;Виктор
Віктор;Виктор
Федя;Фёдор
Фёдор;Фёдор
Федор;Фёдор
Fedor;Фёдор
Элина;Элина
Elina;Элина
Алиса;Алиса
Elli;Элина
Alisa;Алиса
Alice;Алиса
Lisa;Алиса
Алисия;Алиса
Элли;Элина
Эля;Элина
Алиска;Алиса
Alisia;Алиса
Эллина;Элина
Elya;Элина
Валентин;Валентин
Valentin;Валентин
Валя;Валентин
Ангел;Валентин
Валик;Валентин
Valentine;Валентин
Elia;Элина
Элинка;Элина
Наталья;Наталия
Natali;Наталия
Наташа;Наталия
Natalia;Наталия
Natasha;Наталия
Валерка;Валерий
Валерий;Валерий
Валера;Валерий
Valeriy;Валерий
Натали;Наталия
Natalie;Наталия
Натела;Наталия
Наталия;Наталия
Valery;Валерий
Nataliya;Наталия
Натка;Наталия
Ната;Наталия
Natia;Наталия
Nataly;Наталия
Нателла;Наталия
Таша;Наталия
Natalya;Наталия
Natascha;Наталия
Тата;Наталия
Nata;Наталия
Натэлла;Наталия
Константин;Константин
Костя;Константин
Konstantin;Константин
Костян;Константин
Kostya;Константин
Алла;Алла
Аллочка;Алла
Alla;Алла
Мераби;Мераби
Герман;Герман
Ольга;Герман
Кира;Герман
German;Герман
Иоанн;Иоанн
Август;Август
Василиса;Василиса
Василина;Василиса
Vasilisa;Василиса
Дарко;Дарко
Артур;Артур
Arthur;Артур
Artur;Артур
Arturka;Артур
Вася;Василиса
Анна-Василиса;Василиса
Васелиса;Василиса
Николай;Николай
Коля;Николай
Колян;Николай
Kolya;Николай
Nikolai;Николай
Nikolay;Николай
Колиа;Николай
Аркадий;Аркадий
Arkady;Аркадий
Любовь;Любовь
Люба;Любовь
Любава;Любовь
Lubov;Любовь
Luba;Любовь
Lyubov;Любовь
Liubov;Любовь
Вера;Вера
Vera;Вера
Елизавета;Елизавета
Elizabeth;Елизавета
Elizaveta;Елизавета
Лиза;Елизавета
Liza;Елизавета
Lizzy;Елизавета
Yelizaveta;Елизавета
Lizaveta;Елизавета
Лизочка;Елизавета
Элизабет;Елизавета
Лизавета;Елизавета
Дениза;Дениза
Elisaveta;Елизавета
Лизи;Елизавета
Лизонька;Елизавета
Ростова;Елизавета
Elizabet;Елизавета
Елизовета;Елизавета
Алена;Алена
Алёна;Алена
Alena;Алена
Булат;Булат
Джаннат;Джаннат
Аленка;Алена
Alyona;Алена
Лиля;Лия
Лия;Лия
Lilya;Лия
Лилия;Лия
Маргарита;Маргарита
Рита;Маргарита
Margarita;Маргарита
Rita;Маргарита
Марго;Маргарита
Margaret;Маргарита
Маргарита-Агнесса;Маргарита
Маргорита;Маргарита
Риточка;Маргарита
Маргарет;Маргарита
Alenka;Алена
Алёнка;Алёна
Красных;Алёна
Аленчик;Алёна
Комаричева;Алёна
Майя;Майя
Яна;Яна
Yana;Яна
Яна-Неля;Яна
Янка;Яна
Яночка;Яна
Janna;Яна
Yanka;Яна
Yanochka;Яна
Iana;Яна
Яника;Яна
Янита;Яна
Янусик;Яна
Anita;Яна
Математика;Яна
Серафима;Серафима
Sima;Серафима
Серафима-Агата;Серафима
Serafima;Серафима
Сима;Серафима
Тома;Тамара
Тамара;Тамара
Tomka;Тамара
Tamara;Тамара
Toma;Тамара
Томочка;Тамара
Шейла;Шейла
Аделя;Аделя
Лейла;Лейла
Крис;Кристина
Кристина;Кристина
Кристинка;Кристина
Christina;Кристина
Kristina;Кристина
Тина;Кристина
Hristina;Кристина
Cristina;Кристина
Khristina;Кристина
Christine;Кристина
Христина;Кристина
Kris;Кристина
Kristi;Кристина
Tina;Кристина
Kriss;Кристина
Кристюша;Кристина
Арина;Арина
Ариша;Арина
Arina;Арина
Аришка;Арина
Aryuna;Арина
Арюна;Арина
Μарина;Арина
Сабина;Сабина
Sabina;Сабина
Ульяна;Ульяна
Олча;Ольга
Оля;Ольга
Olya;Ольга
Олька;Ольга
Лёля;Ольга
Olga;Ольга
Оленька;Ольга
Леля;Ольга
Такуто;Такуто
Олечка;Ольга
Olia;Ольга
Улечка;Ульяна
Олюсик;Ольга
Лелик;Ольга
Антоненкова-Ященко;Ульяна
Уля;Ульяна
Надежда;Надежда
Nadia;Надежда
Надя;Надежда
Nadya;Надежда
Надюшка;Надежда
Надюша;Надежда
Надия;Надежда
Nadezhda;Надежда
Марта;Марта
Marta;Марта
Ulyana;Ульяна
Ростислав;Ростислав
Вита;Виталина
Виталия;Виталина
Vita;Виталина
Виталина;Виталина
Vitka;Виталина
Виталинка;Виталина
Оюундарь;Оюундарь
Саидакбар;Саидакбар
Ростик;Ростислав
Злата;Злата
Zlata;Злата
Дилия;Дилия
Лина;Лина
Lina;Лина
Янина;Янина
Полина;Янина
Жасмин;Жасмин
Борис;Борис
Boris;Борис
Nina;Нина
Алия;Алия
Виталий;Виталий
Виталик;Виталий
Vitaly;Виталий
Виталя;Виталий
Vitaliy;Виталий
Vitalii;Виталий
Lada;Лада
Лада;Лада
Патимат;Патимат
Лана;Лана
Мариям;Мариям
Марина;Марина
Marina;Марина
Маринка;Марина
Мариша;Марина
Маришка;Марина
Мариночка;Марина
Maryna;Марина
Амина;Амина
Amina;Амина
Marinka;Марина
Макеева;Марина
Кручинина;Марина
Варвара;Варвара
Варя;Варвара
Varya;Варвара
Varvara;Варвара
Varia;Варвара
Варька;Варвара
Василий;Василий
Vasily;Василий
Vasile;Василий
Vasya;Василий
Basil;Василий
Василь;Василий
Vasil;Василий
Царь;Василий
Мариам;Мариам
Джанет;Джанет
Εлена;Лена
Лёна;Лена
Αлена;Лена
Ангелина;Ангелина
Angelina;Ангелина
Геля;Ангелина
Ева;Ева
Eva;Ева
Лев;Лев
Lev;Лев
Лева;Лев
Karina;Карина
Карина;Карина
Кариночка;Карина
Karinka;Карина
Каришка;Карина
Карине;Карина
Виолетта;Виолетта
Виола;Виолетта
Violetta;Виолетта
Виолета;Виолетта
Аниса;Аниса
Кирилл;Кирилл
Kirill;Кирилл
Кирик;Кирилл
Киря;Кирилл
Kiril;Кирилл
Ким;Кирилл
Милена;Милена
Айша;Айша
Инга;Инга
Тима;Тимофей
Тимофей;Тимофей
Тим;Тимофей
Тимон;Тимофей
Timofey;Тимофей
Tima;Тимофей
Tim;Тимофей
Адам;Адам
Чаяна;Чаяна
Лаура;Лаура
Laura;Лаура
Альбина;Альбина
Albina;Альбина
Альбиночка;Альбина
Анфиса;Анфиса
Anfisa;Анфиса
Валентина;Валентина
Valentina;Валентина
Valya;Валентина
Валюша;Валентина
Маракуца;Валентина
Мира;Мирослава
Мирослава;Мирослава
Mira;Мирослава
Miroslava;Мирослава
Мирра;Мирослава
Таисия;Таисия
Тася;Таисия
Таечка;Таисия
Таиса;Таисия
Тая;Таисия
Tasya;Таисия
Taya;Таисия
Дарьяна;Дарина
Лидия;Лидия
Lidia;Лидия
Lida;Лидия
Лида;Лидия
Нино;Нино
Лидочка;Лидия
Lydia;Лидия
Марианна;Марианна
Мариана;Марианна
Marianna;Марианна
Мадина;Мадина
Madina;Мадина
Дамир;Дамир
Гарри;Гарри
Нил;Нил
Рамиль;Рамиль
Матвей;Матвей
Мотя;Матвей
Matvei;Матвей
Стефан;Стефан
Ара;Ара
Гульнара;Гульнара
Гюльнара;Гульнара
Гульназ;Гульнара
Gulya;Гульнара
Gulnaz;Гульнара
Гуля;Гульнара
Gulia;Гульнара
Gulechka;Гульнара
Gulnara;Гульнара
Эвита;Эвита
Ясмин;Ясмин
Асан;Асан
Доминик;Доминик
Рамина;Рамина
Акрам;Акрам
Самуил;Самуил
Ариадна;Ариадна
Ислам;Ислам
Кубрат;Кубрат
Алевтина;Алевтина
Алефтина;Алевтина
Арам;Арам
Аббос;Аббос
Музаффар;Музаффар
Данат;Данат
Норайр;Норайр
Айгерим;Айгерим
Шон;Шон
Саид;Саид
Илия;Илия
Макар;Макар
Моисей;Моисей
Рубен;Рубен
Аделия;Аделия
Максат;Максат
Азиз;Азиз
Алибек;Алибек
Нурзада;Нурзада
Стася;Станислава
Станислава;Станислава
